cnn_interval,cnn_executed,observed_cnn_execution_pct
1,1.000000,100.000000
2,0.625333,62.533333
3,0.508444,50.844444
4,0.438667,43.866667
5,0.368593,36.859259
6,0.336889,33.688889
